<?xml version="1.0" encoding="utf-8" standalone="yes"?>
<rss version="2.0" xmlns:atom="http://www.w3.org/2005/Atom">
  <channel>
    <title>Tags on Getting Started with Amazon SageMaker Studio</title>
    <link>/tags.html</link>
    <description>Recent content in Tags on Getting Started with Amazon SageMaker Studio</description>
    <generator>Hugo -- gohugo.io</generator>
    <language>en-us</language>
    
	<atom:link href="/tags/index.xml" rel="self" type="application/rss+xml" />
    
    
  </channel>
</rss>