<?xml version="1.0" encoding="utf-8" standalone="yes"?>
<rss version="2.0" xmlns:atom="http://www.w3.org/2005/Atom">
  <channel>
    <title>3. Clean up resources on Getting Started with Amazon SageMaker Studio</title>
    <link>/4_clean-up.html</link>
    <description>Recent content in 3. Clean up resources on Getting Started with Amazon SageMaker Studio</description>
    <generator>Hugo -- gohugo.io</generator>
    <language>en-us</language>
    
	<atom:link href="/4_clean-up/index.xml" rel="self" type="application/rss+xml" />
    
    
    <item>
      <title>Delete all resources</title>
      <link>/4_clean-up/cleanup.html</link>
      <pubDate>Mon, 01 Jan 0001 00:00:00 +0000</pubDate>
      
      <guid>/4_clean-up/cleanup.html</guid>
      <description>This workshop creates the following resources:
TBD</description>
    </item>
    
  </channel>
</rss>