<?xml version="1.0" encoding="utf-8" standalone="yes"?>
<rss version="2.0" xmlns:atom="http://www.w3.org/2005/Atom">
  <channel>
    <title>1. Getting started on Getting Started with Amazon SageMaker Studio</title>
    <link>/1_getting_started.html</link>
    <description>Recent content in 1. Getting started on Getting Started with Amazon SageMaker Studio</description>
    <generator>Hugo -- gohugo.io</generator>
    <language>en-us</language>
    
	<atom:link href="/1_getting_started/index.xml" rel="self" type="application/rss+xml" />
    
    
    <item>
      <title>1.1 Login to your temporary workshop AWS Account</title>
      <link>/1_getting_started/login_aws_account.html</link>
      <pubDate>Mon, 01 Jan 0001 00:00:00 +0000</pubDate>
      
      <guid>/1_getting_started/login_aws_account.html</guid>
      <description>Get your temporary AWS account Click on the link at the bottom of the browser as show below.
If using Windows Save file to a convenient location such as your Desktop
If using MAC/Ubuntu  Save file to a convenient location such as Desktop You&amp;rsquo;ll need to perform update the file&amp;rsquo;s permissions by running the code below the screenshot in your terminal  Note: advanced users may optionally save it at ~/.</description>
    </item>
    
    <item>
      <title>1.2 Launch an Amazon EC2 DL1 instance</title>
      <link>/1_getting_started/launch_dl1_instance.html</link>
      <pubDate>Mon, 01 Jan 0001 00:00:00 +0000</pubDate>
      
      <guid>/1_getting_started/launch_dl1_instance.html</guid>
      <description> Get your temporary AWS account </description>
    </item>
    
    <item>
      <title>1.3 Launch Jupyterlab server</title>
      <link>/1_getting_started/launch_jupyter_dl1.html</link>
      <pubDate>Mon, 01 Jan 0001 00:00:00 +0000</pubDate>
      
      <guid>/1_getting_started/launch_jupyter_dl1.html</guid>
      <description>Launch Jupyterlab server on your DL1 instance SSH to your DL1 instance cd cd Desktop ssh -i labsuser.pem ubuntu@&amp;lt;PASTE_IP_ADDRESS&amp;gt;  Note: Make sure you give the full path to the labsuser.pem file or navigate to the directory where you saved the file before running SSH
 Update python3 to point to python3.7 with Habana support sudo rm /usr/bin/python3 sudo ln -s /usr/bin/python3.7 /usr/bin/python3  Install Jupyterlab server pip3 install jupyterlab  Jaunch Jupyterlab server and setup tunnel In the current terminal window connected to DL1 instance, run: jupyter notebook --ip=&#39;*&#39; --NotebookApp.</description>
    </item>
    
    <item>
      <title>1.4 Download workshop content</title>
      <link>/1_getting_started/download_workshop_content.html</link>
      <pubDate>Mon, 01 Jan 0001 00:00:00 +0000</pubDate>
      
      <guid>/1_getting_started/download_workshop_content.html</guid>
      <description> Feel free to follow along with the presenter on the stage or on livestream
 </description>
    </item>
    
  </channel>
</rss>